{
  "{first}.{last}@{domain}": 0.7100000000000002,
  "{first}{last}@{domain}": 0.7100000000000002,
  "{first}@{domain}": 0.7100000000000002,
  "{last}@{domain}": 0.7100000000000002,
  "{f}{last}@{domain}": 0.7100000000000002,
  "{first}{l}@{domain}": 0.7100000000000002,
  "{first}_{last}@{domain}": 0.7100000000000002,
  "{first}-{last}@{domain}": 0.7100000000000002,
  "{last}.{first}@{domain}": 0.7100000000000002,
  "{last}_{first}@{domain}": 0.7100000000000002,
  "{last}-{first}@{domain}": 0.7100000000000002,
  "{f}.{last}@{domain}": 0.7100000000000002,
  "{f}_{last}@{domain}": 0.7100000000000002,
  "{f}-{last}@{domain}": 0.7100000000000002,
  "{first}.{l}@{domain}": 0.7100000000000002,
  "{first}_{l}@{domain}": 0.7100000000000002,
  "{first}-{l}@{domain}": 0.7100000000000002,
  "{f}.{l}@{domain}": 0.7100000000000002,
  "{f}_{l}@{domain}": 0.7100000000000002,
  "{f}-{l}@{domain}": 0.7100000000000002,
  "{f}{l}@{domain}": 0.7100000000000002,
  "{first}.{last}1@{domain}": 0.7100000000000002,
  "ceo@{domain}": 0.7100000000000002,
  "president@{domain}": 0.7100000000000002,
  "founder@{domain}": 0.7100000000000002,
  "{first}.{last}2@{domain}": 0.5,
  "{first}{last}1@{domain}": 0.5,
  "{f}{last}1@{domain}": 0.5,
  "owner@{domain}": 0.5,
  "dr.{first}.{last}@{domain}": 0.5,
  "{first}.{last}.jr@{domain}": 0.5,
  "{first}.{last}.sr@{domain}": 0.5,
  "{first}.{last}@email.{domain}": 0.5,
  "{first}.{last}@mail.{domain}": 0.5,
  "{first}.{last}@corp.{domain}": 0.5,
  "{first}.{last}@sales.{domain}": 0.5,
  "{first}.{last}@marketing.{domain}": 0.5,
  "{first}.{last}@support.{domain}": 0.5
}